[
{
    "model": "destinations.destination",
    "pk": 1,
    "fields": {
        "user": 1,
        "name": "GUAJIRA FANTA\u0301STICA 7 D\u00cdAS",
        "short_description": "<p>Disfruta de <span class=\"color_18\">LA FANT\u00c1STICA GUAJIRA </span>(6 Noches 7 D\u00edas)<br></p>",
        "description": "<p>GUAJIRA FANTA\u0301STICA 7 Di\u0301as<br>Ven a disfrutar de 7 D\u00edas / 6 Noches en La Guajira.<br><br><strong>La Guajira</strong> (en wayuunaiki: Wajiira) es uno de los treinta y dos departamentos que, junto con Bogota, Distrito Capital, forman la Rep\u00fablica de Colombia. Su capital es Riohacha. Est\u00e1 ubicado en el extremo noreste del pa\u00eds, en la regi\u00f3n Caribe, limitando al norte y este con el mar Caribe (oc\u00e9ano Atl\u00e1ntico), al sureste con Venezuela, al sur con Cesar y al oeste con Magdalena. <!--more--><br>Quelle: <a href=\"https://es.wikipedia.org/wiki/La_Guajira\" target=\"_blank\" rel=\"noopener\">Wikipedia</a><br><br></p><hr><br><br>Disfruta de Riohacha y su Fauna con la Agencia de viajes <a href=\"http://www.guajiratours.com/\" target=\"_blank\" rel=\"noopener\">Guajira Tours</a><br><!--more--><br><br><strong>Quienes somos</strong><br><br>Nos constituimos el 31 de mayo de 1983, inscritos en la C\u00e1mara de Comercio de La Guajira con el registro 6149. Afiliados a <strong>ANATO</strong> y <strong>IATA</strong> No. 76004541, con certificaciones de calidad <strong>NTS</strong> AV01, AV02, AV04, con Registro Nacional de Turismo 645.<br><br><strong>Misi\u00f3n</strong><br><br>Somos una empresa prestadora de servicios que asesora, intermedia y organiza actividades tur\u00edsticas de car\u00e1cter regional, nacional e internacional, para satisfacer las expectativas de nuestros clientes a trav\u00e9s de soporte tecnol\u00f3gico y personal comprometido que se destaca por la confianza, responsabilidad, honestidad y respeto en beneficio de nuestra organizaci\u00f3n, clientes y socio.<br><br><br><br><br><br><br><br><br><br><br><br><br><br><br><br><br><br><br><br><br><br><br><br><br><br><br><br><br><br><br><br><table class=\"table table-bordered tours-tabs__table\" style=\"height: 233px;\" width=\"862\"><tbody><tr><td><strong>SALIDA / RETORNO</strong></td><td>Agencia en Riohacha</td></tr><tr><td><strong>HORA DE SALIDA</strong></td><td>Variable</td></tr><tr><td><strong>HORA DE LLEGADA</strong></td><td>Variable</td></tr><tr><td><strong>NR. DE TOUR PARA RESERVAS</strong></td><td>TVP-GT-003</td></tr><tr><td><strong>RECOMENDACI\u00d3N</strong></td><td>Traer bloqueador solar, gafas para protegerse del sol y la arena, linterna de mano, sombrero o gorra, ropa c\u00f3moda, lagrimas artificiales, toallas, medicinas personales. Visite el link \"Recomendaciones de viaje\" ubicado m\u00e1s abajo en esta p\u00e1gina</td></tr><tr><td><strong>INCLUIDO</strong></td><td><br><br><br><br><br><br><br><br><br><br><br><br><table class=\"table table-bordered\" style=\"height: 62px;\" width=\"300\"><tbody><tr><td>[icon_tick state=\"on\"]Traslados descritos</td><td>[icon_tick state=\"on\"]seguro asistencial, una noche alojamiento Santuario FFF</td></tr><tr><td>[icon_tick state=\"on\"]tres noches alojamiento Cabo/Punta Gallina, una noche de alojamiento en Riohacha Hotel Seleccionado y una noche de alojamiento en el hotel Waya, entrada a la Mina del Cerrej\u00f3n (entrada esta sujeta a aprobaci\u00f3n)</td><td>[icon_tick state=\"on\"]entrada a las salinas de Manaure, paseo en lancha en Camarones y Bah\u00eda Hondita, alimentaci\u00f3n completa fuera de Riohacha (tipo men\u00fa).</td></tr></tbody></table><br></td></tr><tr><td><strong>NO INCLUIDO</strong></td><td><br><br><br><br><br><br><br><br><br><br><table class=\"table table-bordered\" style=\"height: 62px;\" width=\"300\"><tbody><tr><td>[icon_tick state=\"off\"]Llamadas telef\u00f3nicas, propinas, bebidas alcoh\u00f3licas y no alcoh\u00f3lica, cenas en Riohacha y en el Waya.</td></tr><tr><td>[icon_tick state=\"off\"]Gastos no especificados en el programa</td></tr></tbody></table><br></td></tr></tbody></table><br><p class=\"p2\"><b>Para tener en cuenta: </b></p><br><br><ul class=\"font_8\"><br>     <li><br><p class=\"font_8\">Alojamiento en El Cabo de la Vela: Rancher\u00eda Utta o Similares.</p><br></li><br>     <li><br><p class=\"font_8\">Alojamiento en Camarones: Hostal El Remanso o La Consentida</p><br></li><br></ul><br><p class=\"font_8\">Es probable que el fluido el\u00e9ctrico en el Cabo de la Vela y en Punta Gallinas lo suspendan a partir de las 10pm. Los caminos desde Urib\u00eda hacia la Alta Guajira no son asfaltados. En caso que se quiera comer Langosta o langostinos el pasajero debe pagar una diferencia que se le informar\u00e1 oportunamente.</p><br><p class=\"font_8\">La dormida en el Cabo de la vela y/ o en Bah\u00eda Hondita es posible que sea en Chinchorro o hamaca.<br>Las temperaturas oscilan entre 30 y 34 grados cent\u00edgrados, pero la brisa la suaviza un poco.</p><br>Precios por persona con vigencia: 15 de Diciembre 2017<br><p class=\"p2\">Para m\u00e1s recomendaciones ingresar a <a href=\"http://www.guajiratours.com\" target=\"_blank\" rel=\"noopener\">www.guajiratours.com</a> / La Guajira<br></p>",
        "is_deleted": false,
        "created_at": "2019-04-25T20:03:12.562Z",
        "updated_at": "2019-06-20T15:48:13.858Z"
    }
},
{
    "model": "destinations.destination",
    "pk": 2,
    "fields": {
        "user": 1,
        "name": "Prueba de destino35",
        "short_description": "<p>asdasdasda modified<br></p>",
        "description": "<p>adsdadasdasd modified<br></p>",
        "is_deleted": true,
        "created_at": "2019-04-25T20:03:12.562Z",
        "updated_at": "2019-05-21T20:38:09.572Z"
    }
},
{
    "model": "destinations.destination",
    "pk": 3,
    "fields": {
        "user": 1,
        "name": "Prueba de destino",
        "short_description": "<p>dasdasd<br></p>",
        "description": "<strong>Ingrese su t\u00edtulo aqu\u00ed...</strong><br><br>\r\n\r\n<p> <b>Ingrese aqu\u00ed su texto...</b></p>\r\n\r\n<!--more--><br><br>\r\n\r\n<p> <b>Ingrese m\u00e1s informaci\u00f3n aqu\u00ed...</b></p>\r\n\r\n<!--more--><br><br>\r\n\r\n<strong>Quienes somos</strong><br><br>\r\n\r\n<p><b>Por favor ingrese aqu\u00ed su texto...</b></p><br><br>\r\n\r\n<strong>Misi\u00f3n</strong><br><br>\r\n\r\n<p><b>Por favor ingrese aqu\u00ed su texto...</b></p><br><br>\r\n\r\n<table class=\"table table-bordered tours-tabs__table\" style=\"width: 100%px;\">\r\n<tbody>\r\n<tr>\r\n <td style=\"width: 213px;\"><strong>SALIDA / RETORNO</strong></td>\r\n <td style=\"width: 574.233px;\"><b>Ingrese aqu\u00ed la salida...</b></td>\r\n</tr>\r\n<tr>\r\n <td style=\"width: 213px;\"><strong>HORA DE SALIDA</strong></td>\r\n <td style=\"width: 574.233px;\"><b>Ingrese aqu\u00ed la hora de salida...</b></td>\r\n</tr>\r\n<tr>\r\n <td style=\"width: 213px;\"><strong>HORA DE LLEGADA</strong></td>\r\n <td style=\"width: 574.233px;\"><b>Ingrese aqu\u00ed la hora de llegada...</b></td>\r\n</tr>\r\n<tr>\r\n <td style=\"width: 213px;\"><strong>NR. DE TOUR PARA RESERVAS</strong></td>\r\n <td style=\"width: 574.233px;\"><b>Ingrese aqu\u00ed el nro de tour...</b></td>\r\n</tr>\r\n<tr>\r\n <td style=\"width: 213px;\"><strong>TRASLADO DESDE </strong></td>\r\n <td style=\"width: 574.233px;\"><strong><b>Ingrese aqu\u00ed el traslado...</b></strong></td>\r\n</tr>\r\n<tr>\r\n <td style=\"width: 213px;\"><strong>INCLUIDO [icon_tick state=\"on\"] </strong></td>\r\n <td style=\"width: 574.233px;\">\r\n  <b>Ingrese aqu\u00ed lo que va incluido en el paquete como una lista...</b>\r\n  <ul><li><b><br></b></li><li><b><br></b></li><li><b><br></b></li></ul>\r\n </td> \r\n</tr>\r\n<tr>\r\n <td style=\"width: 213px;\"><strong>NO INCLUIDO [icon_tick state=\"off\"] </strong></td>\r\n <td style=\"width: 574.233px;\">\r\n  <b>Ingrese aqu\u00ed lo que no va incluido en el paquete como una lista...</b>\r\n  <ul><li><b><br></b></li><li><b><br></b></li><li><b><br></b></li></ul>\r\n </td>\r\n</tr>\r\n</tbody>\r\n</table>",
        "is_deleted": false,
        "created_at": "2019-04-25T20:03:12.562Z",
        "updated_at": "2019-06-11T14:06:55.115Z"
    }
},
{
    "model": "destinations.destination",
    "pk": 4,
    "fields": {
        "user": 1,
        "name": "otra prueba",
        "short_description": "<p>jskjdhakhsdka<br></p>",
        "description": "<strong>Ingrese su t\u00edtulo aqu\u00ed...</strong><br><br>\r\n\r\n<p> <b>Ingrese aqu\u00ed su texto...</b></p>\r\n\r\n<!--more--><br><br>\r\n\r\n<p> <b>Ingrese m\u00e1s informaci\u00f3n aqu\u00ed...</b></p>\r\n\r\n<!--more--><br><br>\r\n\r\n<strong>Quienes somos</strong><br><br>\r\n\r\n<p><b>Por favor ingrese aqu\u00ed su texto...</b></p><br><br>\r\n\r\n<strong>Misi\u00f3n</strong><br><br>\r\n\r\n<p><b>Por favor ingrese aqu\u00ed su texto...</b></p><br><br>\r\n\r\n<table class=\"table table-bordered tours-tabs__table\" style=\"width: 100%px;\">\r\n<tbody>\r\n<tr>\r\n <td style=\"width: 213px;\"><strong>SALIDA / RETORNO</strong></td>\r\n <td style=\"width: 574.233px;\"><b>Ingrese aqu\u00ed la salida...</b></td>\r\n</tr>\r\n<tr>\r\n <td style=\"width: 213px;\"><strong>HORA DE SALIDA</strong></td>\r\n <td style=\"width: 574.233px;\"><b>Ingrese aqu\u00ed la hora de salida...</b></td>\r\n</tr>\r\n<tr>\r\n <td style=\"width: 213px;\"><strong>HORA DE LLEGADA</strong></td>\r\n <td style=\"width: 574.233px;\"><b>Ingrese aqu\u00ed la hora de llegada...</b></td>\r\n</tr>\r\n<tr>\r\n <td style=\"width: 213px;\"><strong>NR. DE TOUR PARA RESERVAS</strong></td>\r\n <td style=\"width: 574.233px;\"><b>Ingrese aqu\u00ed el nro de tour...</b></td>\r\n</tr>\r\n<tr>\r\n <td style=\"width: 213px;\"><strong>TRASLADO DESDE </strong></td>\r\n <td style=\"width: 574.233px;\"><strong><b>Ingrese aqu\u00ed el traslado...</b></strong></td>\r\n</tr>\r\n<tr>\r\n <td style=\"width: 213px;\"><strong>INCLUIDO [icon_tick state=\"on\"] </strong></td>\r\n <td style=\"width: 574.233px;\">\r\n  <b>Ingrese aqu\u00ed lo que va incluido en el paquete como una lista...</b>\r\n  <ul><li><b><br></b></li><li><b><br></b></li><li><b><br></b></li></ul>\r\n </td> \r\n</tr>\r\n<tr>\r\n <td style=\"width: 213px;\"><strong>NO INCLUIDO [icon_tick state=\"off\"] </strong></td>\r\n <td style=\"width: 574.233px;\">\r\n  <b>Ingrese aqu\u00ed lo que no va incluido en el paquete como una lista...</b>\r\n  <ul><li><b><br></b></li><li><b><br></b></li><li><b><br></b></li></ul>\r\n </td>\r\n</tr>\r\n</tbody>\r\n</table>",
        "is_deleted": true,
        "created_at": "2019-04-25T20:03:12.562Z",
        "updated_at": "2019-05-21T20:38:26.050Z"
    }
},
{
    "model": "destinations.destination",
    "pk": 5,
    "fields": {
        "user": 1,
        "name": "test duplicado",
        "short_description": "<p>sdasdadas<br></p>",
        "description": "<strong>Ingrese su t\u00edtulo aqu\u00ed...</strong><br><br>\r\n\r\n<p> <b>Ingrese aqu\u00ed su texto...</b></p>\r\n\r\n<!--more--><br><br>\r\n\r\n<p> <b>Ingrese m\u00e1s informaci\u00f3n aqu\u00ed...</b></p>\r\n\r\n<!--more--><br><br>\r\n\r\n<strong>Quienes somos</strong><br><br>\r\n\r\n<p><b>Por favor ingrese aqu\u00ed su texto...</b></p><br><br>\r\n\r\n<strong>Misi\u00f3n</strong><br><br>\r\n\r\n<p><b>Por favor ingrese aqu\u00ed su texto...</b></p><br><br>\r\n\r\n<table class=\"table table-bordered tours-tabs__table\" style=\"width: 100%px;\">\r\n<tbody>\r\n<tr>\r\n <td style=\"width: 213px;\"><strong>SALIDA / RETORNO</strong></td>\r\n <td style=\"width: 574.233px;\"><b>Ingrese aqu\u00ed la salida...</b></td>\r\n</tr>\r\n<tr>\r\n <td style=\"width: 213px;\"><strong>HORA DE SALIDA</strong></td>\r\n <td style=\"width: 574.233px;\"><b>Ingrese aqu\u00ed la hora de salida...</b></td>\r\n</tr>\r\n<tr>\r\n <td style=\"width: 213px;\"><strong>HORA DE LLEGADA</strong></td>\r\n <td style=\"width: 574.233px;\"><b>Ingrese aqu\u00ed la hora de llegada...</b></td>\r\n</tr>\r\n<tr>\r\n <td style=\"width: 213px;\"><strong>NR. DE TOUR PARA RESERVAS</strong></td>\r\n <td style=\"width: 574.233px;\"><b>Ingrese aqu\u00ed el nro de tour...</b></td>\r\n</tr>\r\n<tr>\r\n <td style=\"width: 213px;\"><strong>TRASLADO DESDE </strong></td>\r\n <td style=\"width: 574.233px;\"><strong><b>Ingrese aqu\u00ed el traslado...</b></strong></td>\r\n</tr>\r\n<tr>\r\n <td style=\"width: 213px;\"><strong>INCLUIDO [icon_tick state=\"on\"] </strong></td>\r\n <td style=\"width: 574.233px;\">\r\n  <b>Ingrese aqu\u00ed lo que va incluido en el paquete como una lista...</b>\r\n  <ul><li><b><br></b></li><li><b><br></b></li><li><b><br></b></li></ul>\r\n </td> \r\n</tr>\r\n<tr>\r\n <td style=\"width: 213px;\"><strong>NO INCLUIDO [icon_tick state=\"off\"] </strong></td>\r\n <td style=\"width: 574.233px;\">\r\n  <b>Ingrese aqu\u00ed lo que no va incluido en el paquete como una lista...</b>\r\n  <ul><li><b><br></b></li><li><b><br></b></li><li><b><br></b></li></ul>\r\n </td>\r\n</tr>\r\n</tbody>\r\n</table>",
        "is_deleted": true,
        "created_at": "2019-05-21T19:50:50.949Z",
        "updated_at": "2019-05-21T20:38:15.921Z"
    }
},
{
    "model": "destinations.destination",
    "pk": 6,
    "fields": {
        "user": 1,
        "name": "dasdasfas",
        "short_description": "<p>asdasdad<br></p>",
        "description": "<strong>Ingrese su t\u00edtulo aqu\u00ed...</strong><br><br>\r\n\r\n<p> <b>Ingrese aqu\u00ed su texto...</b></p>\r\n\r\n<!--more--><br><br>\r\n\r\n<p> <b>Ingrese m\u00e1s informaci\u00f3n aqu\u00ed...</b></p>\r\n\r\n<!--more--><br><br>\r\n\r\n<strong>Quienes somos</strong><br><br>\r\n\r\n<p><b>Por favor ingrese aqu\u00ed su texto...</b></p><br><br>\r\n\r\n<strong>Misi\u00f3n</strong><br><br>\r\n\r\n<p><b>Por favor ingrese aqu\u00ed su texto...</b></p><br><br>\r\n\r\n<table class=\"table table-bordered tours-tabs__table\" style=\"width: 100%px;\">\r\n<tbody>\r\n<tr>\r\n <td style=\"width: 213px;\"><strong>SALIDA / RETORNO</strong></td>\r\n <td style=\"width: 574.233px;\"><b>Ingrese aqu\u00ed la salida...</b></td>\r\n</tr>\r\n<tr>\r\n <td style=\"width: 213px;\"><strong>HORA DE SALIDA</strong></td>\r\n <td style=\"width: 574.233px;\"><b>Ingrese aqu\u00ed la hora de salida...</b></td>\r\n</tr>\r\n<tr>\r\n <td style=\"width: 213px;\"><strong>HORA DE LLEGADA</strong></td>\r\n <td style=\"width: 574.233px;\"><b>Ingrese aqu\u00ed la hora de llegada...</b></td>\r\n</tr>\r\n<tr>\r\n <td style=\"width: 213px;\"><strong>NR. DE TOUR PARA RESERVAS</strong></td>\r\n <td style=\"width: 574.233px;\"><b>Ingrese aqu\u00ed el nro de tour...</b></td>\r\n</tr>\r\n<tr>\r\n <td style=\"width: 213px;\"><strong>TRASLADO DESDE </strong></td>\r\n <td style=\"width: 574.233px;\"><strong><b>Ingrese aqu\u00ed el traslado...</b></strong></td>\r\n</tr>\r\n<tr>\r\n <td style=\"width: 213px;\"><strong>INCLUIDO [icon_tick state=\"on\"] </strong></td>\r\n <td style=\"width: 574.233px;\">\r\n  <b>Ingrese aqu\u00ed lo que va incluido en el paquete como una lista...</b>\r\n  <ul><li><b><br></b></li><li><b><br></b></li><li><b><br></b></li></ul>\r\n </td> \r\n</tr>\r\n<tr>\r\n <td style=\"width: 213px;\"><strong>NO INCLUIDO [icon_tick state=\"off\"] </strong></td>\r\n <td style=\"width: 574.233px;\">\r\n  <b>Ingrese aqu\u00ed lo que no va incluido en el paquete como una lista...</b>\r\n  <ul><li><b><br></b></li><li><b><br></b></li><li><b><br></b></li></ul>\r\n </td>\r\n</tr>\r\n</tbody>\r\n</table>",
        "is_deleted": true,
        "created_at": "2019-05-21T20:29:06.422Z",
        "updated_at": "2019-05-21T20:38:19.418Z"
    }
},
{
    "model": "destinations.destination",
    "pk": 7,
    "fields": {
        "user": 1,
        "name": "test minimo dotas",
        "short_description": "<p>datos minimos para guardar un destino<br></p>",
        "description": "<strong>Ingrese su t\u00edtulo aqu\u00ed...</strong><br><br>\r\n\r\n<p> <b>Ingrese aqu\u00ed su texto...</b></p>\r\n\r\n<!--more--><br><br>\r\n\r\n<p> <b>Ingrese m\u00e1s informaci\u00f3n aqu\u00ed...</b></p>\r\n\r\n<!--more--><br><br>\r\n\r\n<strong>Quienes somos</strong><br><br>\r\n\r\n<p><b>Por favor ingrese aqu\u00ed su texto...</b></p><br><br>\r\n\r\n<strong>Misi\u00f3n</strong><br><br>\r\n\r\n<p><b>Por favor ingrese aqu\u00ed su texto...</b></p><br><br>\r\n\r\n<table class=\"table table-bordered tours-tabs__table\" style=\"width: 100%px;\">\r\n<tbody>\r\n<tr>\r\n <td style=\"width: 213px;\"><strong>SALIDA / RETORNO</strong></td>\r\n <td style=\"width: 574.233px;\"><b>Ingrese aqu\u00ed la salida...</b></td>\r\n</tr>\r\n<tr>\r\n <td style=\"width: 213px;\"><strong>HORA DE SALIDA</strong></td>\r\n <td style=\"width: 574.233px;\"><b>Ingrese aqu\u00ed la hora de salida...</b></td>\r\n</tr>\r\n<tr>\r\n <td style=\"width: 213px;\"><strong>HORA DE LLEGADA</strong></td>\r\n <td style=\"width: 574.233px;\"><b>Ingrese aqu\u00ed la hora de llegada...</b></td>\r\n</tr>\r\n<tr>\r\n <td style=\"width: 213px;\"><strong>NR. DE TOUR PARA RESERVAS</strong></td>\r\n <td style=\"width: 574.233px;\"><b>Ingrese aqu\u00ed el nro de tour...</b></td>\r\n</tr>\r\n<tr>\r\n <td style=\"width: 213px;\"><strong>TRASLADO DESDE </strong></td>\r\n <td style=\"width: 574.233px;\"><strong><b>Ingrese aqu\u00ed el traslado...</b></strong></td>\r\n</tr>\r\n<tr>\r\n <td style=\"width: 213px;\"><strong>INCLUIDO [icon_tick state=\"on\"] </strong></td>\r\n <td style=\"width: 574.233px;\">\r\n  <b>Ingrese aqu\u00ed lo que va incluido en el paquete como una lista...</b>\r\n  <ul><li><b><br></b></li><li><b><br></b></li><li><b><br></b></li></ul>\r\n </td> \r\n</tr>\r\n<tr>\r\n <td style=\"width: 213px;\"><strong>NO INCLUIDO [icon_tick state=\"off\"] </strong></td>\r\n <td style=\"width: 574.233px;\">\r\n  <b>Ingrese aqu\u00ed lo que no va incluido en el paquete como una lista...</b>\r\n  <ul><li><b><br></b></li><li><b><br></b></li><li><b><br></b></li></ul>\r\n </td>\r\n</tr>\r\n</tbody>\r\n</table>",
        "is_deleted": true,
        "created_at": "2019-05-21T20:39:25.313Z",
        "updated_at": "2019-05-31T16:46:46.999Z"
    }
},
{
    "model": "destinations.photo",
    "pk": 3,
    "fields": {
        "destination": 3,
        "name": "image",
        "sort": 999,
        "description": "Sin comentario",
        "thumbnail": "gallery/thumbnail/image_thumbnail_6FhecqD.jpeg",
        "image": "gallery/image/image_x9uIVjX.jpeg",
        "created_at": "2019-05-02T20:14:41.065Z",
        "updated_at": "2019-05-08T00:56:31.374Z"
    }
},
{
    "model": "destinations.photo",
    "pk": 4,
    "fields": {
        "destination": 3,
        "name": "image",
        "sort": 999,
        "description": "Sin comentario",
        "thumbnail": "gallery/thumbnail/image_thumbnail_oZ9Y1Zw.jpeg",
        "image": "gallery/image/image_NwQQqKn.jpeg",
        "created_at": "2019-05-02T20:27:17.234Z",
        "updated_at": "2019-05-02T20:27:17.234Z"
    }
},
{
    "model": "destinations.photo",
    "pk": 7,
    "fields": {
        "destination": 3,
        "name": "image",
        "sort": 999,
        "description": "Sin comentario",
        "thumbnail": "gallery/thumbnail/image_thumbnail_LWaJHET.jpeg",
        "image": "gallery/image/image_IuKrhzZ.jpeg",
        "created_at": "2019-05-08T13:25:03.156Z",
        "updated_at": "2019-05-08T13:25:22.019Z"
    }
},
{
    "model": "destinations.photo",
    "pk": 8,
    "fields": {
        "destination": 1,
        "name": "image",
        "sort": 999,
        "description": "Sin comentario",
        "thumbnail": "gallery/thumbnail/image_thumbnail_VuxsLoa.jpeg",
        "image": "gallery/image/image_7qtFN1d.jpeg",
        "created_at": "2019-06-05T18:46:42.362Z",
        "updated_at": "2019-06-05T18:46:42.362Z"
    }
},
{
    "model": "destinations.tourdata",
    "pk": 1,
    "fields": {
        "destination": 1,
        "badge": null
    }
},
{
    "model": "destinations.tourdata",
    "pk": 2,
    "fields": {
        "destination": 2,
        "badge": null
    }
},
{
    "model": "destinations.tourdata",
    "pk": 3,
    "fields": {
        "destination": 3,
        "badge": "1"
    }
},
{
    "model": "destinations.tourdata",
    "pk": 4,
    "fields": {
        "destination": 4,
        "badge": null
    }
},
{
    "model": "destinations.tourdata",
    "pk": 5,
    "fields": {
        "destination": 6,
        "badge": "4"
    }
},
{
    "model": "destinations.tabdata",
    "pk": 1,
    "fields": {
        "tour_data": 1,
        "option_tab": 1,
        "content": "<p>[timeline][timeline_item item_number=\"1\" title=\"D\u00eda 1 Riohacha - Santuario de Fauna y Flora los Flamencos Rosados.\"]</p><ul><li><p class=\"font_8\">El Santuario de Fauna y Flora los Flamencos, situado en el corregimiento de Camarones a 20 minutos de Riohacha, seg\u00fan parque nacionales, es considerado una de las \u00e1reas protegida mas ricas en variedad de aves acu\u00e1ticas residentes y migratorias.</p><p class=\"font_8\">Nos trasladamos hacia la zona donde disfrutaremos de un delicioso almuerzo, descansar un rato y disponernos para apreciar el atardecer, en un recorrido en canoa hacia la laguna de Nav\u00edo Quebrao, donde probablemente podamos encontrarnos con el danzar de los Flamencos Rosados y otras aves que de visita esten por el Santuario.</p><p class=\"font_8\">Regreso al hostal el cual puede ser El Remanso o La Consentida, donde nos alojaremos.</p></li></ul><p>[/timeline_item][timeline_item item_number=\"2\" title=\"D\u00eda 2 Riohacha - Cabo de la Vela \"]</p><ul><li><p class=\"font_8\">En esta ma\u00f1ana bien temprano es ideal para tomar un ba\u00f1o en las c\u00e1lidas aguas del mar caribe en Camarones y luego disponernos para tomar un delicioso desayuno t\u00edpico y preparar la salida hacia Manaure y all\u00ed realizar un recorrido por las charcas artesanales de Sal e interactuar con los lugare\u00f1os y con pico y pala en mano compartir la ardua tarea de la recolecci\u00f3n de la sal y llevarte un poco de la misma para la casa.</p><p class=\"font_8\">Luego de este compartir, continuamos el recorrido  y tomando fotos, hacia una las playas mas a\u00f1oradas por los colombianos ... el Cabo de la vela e inmediatamente nos dirigimos al sitio de alojamiento seleccionado, almorzamos y descansamos.</p><p class=\"font_8\">Un ba\u00f1o en la playa del ojo de agua y el resto de la tarde en el Faro es una de esas sensaciones que embargan por siempre nuestro esp\u00edritu.</p></li></ul><p>[/timeline_item]<br>[timeline_item item_number=\"3-4\" title=\"D\u00eda 3 y 4 Cabo de la Vela \u2013 Bah\u00eda Hondita- Punta Gallinas\"]</p><ul><li><p class=\"font_8\">As\u00ed como el atardecer, el amanecer es uno de los regalos que el universo  nos ofrece d\u00eda a d\u00eda y el Cabo de la vela es un lugar para apreciar ese regalo. Desayuno. Iniciamos un nuevo d\u00eda para disfrutar de las playas y llenarnos de energ\u00eda en las aguas fr\u00edas del cerro Kamaichi o Pil\u00f3n de az\u00facar. Alrededor de las 10:00 am partiremos hacia los hermosos m\u00e9danos o dunas de Taroa, donde podremos apreciar las enormes monta\u00f1as de arena, y el atardecer en Punta Aguja. Alojamiento.</p><p class=\"font_8\">En esta nueva ma\u00f1ana en que la vida nos ofrece la oportunidad de vivirla y en este ambiente relajado y lleno de aire puro que bueno desperezarse con la hermosa vista de la bah\u00eda, aprovechar y caminar por los alrededores de la misma para luego disfrutar de un buen desayuno y Seguidamente trasladarnos hacia el punto mas septentrional de Sur Am\u00e9rica, realizar nuestra  recarga de energ\u00eda, organizar nuestro propio T\u00f3tem con las piedras del lugar. Regreso al hospedaje, almuerzo y descanso. Por la tarde paseo en bote por la bah\u00eda. La noche se puede aprovechar para practicar la astrofotograf\u00eda. Recuerdo  siempre las noches estrelladas en el punto mas Septentrional de Sur Am\u00e9rica.</p></li></ul><p>[/timeline_item]</p><p>[timeline_item item_number=\"5\" title=\"D\u00eda 5 Punta Gallinas - Hotel Waya\"]</p><ul><li><p class=\"font_8\">Seguir disfrutando de un nuevo amanecer, aprovechar para tomar las fotograf\u00edas que ayer no se pudieron realizar, apreciando una vez mas el espectacular paisaje de este nuevo d\u00eda, la cotidianidad de un grupo humano que vive el d\u00eda a d\u00eda sin los afanes de la vida cotidiana. Desayuno. Y preparamos nuestro regreso al Sur de La Guajira, al hotel Waya.</p></li></ul><p>[/timeline_item]</p><p>[timeline_item item_number=\"6\" title=\"D\u00eda 6 Cerrej\u00f3n-Maicao-Rancher\u00eda\"]</p><ul><li><p class=\"font_8\">Conocer los yacimientos de Carb\u00f3n t\u00e9rmico y su explotaci\u00f3n a campo abierto a lo largo de 30 a\u00f1os y su desarrollo d\u00eda a d\u00eda, conocer el proceso de extracci\u00f3n de ese carb\u00f3n y como lo trasladan al resto del mundo es la actividad que viviremos en este d\u00eda. El recorrido es guiado por expertos en el tema dispuestos por la empresa minera. La salida hacia este complejo se har\u00e1 de acuerdo a la hora de entrada autorizada por los operadores de la mina.</p><p class=\"font_8\">Luego de la visita realizada a la mina de carb\u00f3n, nos trasladamos hacia Maicao, En Maicao visita la Mezquita donde la comunidad \u00e1rabe realiza sus rezos con vista hacia la Meca seguidamente el almuerzo unas delicias \u00e1rabes. Seguidamente saldremos a compartir con otra cultura ancestral y muy nuestra, Los Wayuu, en la rancher\u00eda podremos vivenciar su forma \u00fanica de vida, aprender de sus usos y costumbres, Bailar con ellos la Yonna en agradecimiento por este d\u00eda rico en aprendizaje cultural.</p><p class=\"font_8\">Un d\u00eda intenso que se merece un buen descanso. Regreso a Riohacha. Alojamiento.</p></li></ul><p>[/timeline_item]</p><p>[timeline_item item_number=\"7\" title=\"D\u00eda 7 Hotel - Aeropuerto RCH\"]</p><ul><li><p class=\"font_8\">D\u00eda libre. Actividades gratis: Caminar por las playas de Riohacha en el amanecer, observar y comprar artesan\u00edas en la primera avenida de Sur Am\u00e9rica, visita a la sala \u00e9tnica del gas.</p><p class=\"font_8\">A la hora convenida traslado del hotel al aeropuerto Almirante Padilla de Riohacha.</p><p class=\"font_8\"> </p></li></ul><p>[/timeline_item]</p><p>[/timeline]</p>"
    }
},
{
    "model": "destinations.tabdata",
    "pk": 2,
    "fields": {
        "tour_data": 2,
        "option_tab": 1,
        "content": "<p>\u00a0\u00a0\u00a0 sdasdasdasda<br></p>"
    }
},
{
    "model": "destinations.tabdata",
    "pk": 3,
    "fields": {
        "tour_data": 1,
        "option_tab": 2,
        "content": "<p>Mapa del sitio<br></p>"
    }
},
{
    "model": "destinations.tabdata",
    "pk": 4,
    "fields": {
        "tour_data": 3,
        "option_tab": 1,
        "content": "<p><p></p><p>[timeline]</p><p>\u00a0[timeline_item item_number=\"1\" title=\"<b>Ingrese el texto aqu\u00ed...</b>\"]</p><b><strong>\u00a0 Ingrese la descripci\u00f3n aqu\u00ed...</strong></b></p><p><b><strong>\u00a0 Description<br></strong></b><p></p><p><br></p><p>\u00a0[/timeline_item]</p><p>[/timeline]</p><p></p></p>"
    }
},
{
    "model": "destinations.tabdata",
    "pk": 5,
    "fields": {
        "tour_data": 3,
        "option_tab": 1,
        "content": "<p>[NEXForms id=\"62\"]</p>"
    }
},
{
    "model": "destinations.tabdata",
    "pk": 6,
    "fields": {
        "tour_data": 4,
        "option_tab": 1,
        "content": "<p></p><p>[timeline]</p><p>&nbsp;[timeline_item item_number=\"1\" title=\"<b>Ingrese el texto aqu\u00ed...</b>\"]</p><b><strong>&nbsp; Ingrese la descripci\u00f3n aqu\u00ed...</strong></b><p></p><p><br></p><p>&nbsp;[/timeline_item]</p><p>[/timeline]</p><p></p>"
    }
},
{
    "model": "destinations.tabdata",
    "pk": 7,
    "fields": {
        "tour_data": 4,
        "option_tab": 1,
        "content": ""
    }
},
{
    "model": "destinations.tabdata",
    "pk": 8,
    "fields": {
        "tour_data": 4,
        "option_tab": 1,
        "content": "<p>[NEXForms id=\"62\"]</p>"
    }
},
{
    "model": "destinations.optiontabdata",
    "pk": 1,
    "fields": {
        "name": "Itinerario",
        "description": "Detalles de los itinerarios que posee el destino tur\u00edstico.",
        "template": "<p><p>[timeline]</p><p>[timeline_item item_number=\"<b>ingrese el n\u00famero</b>\" title=\"<b>ingrese el nombre</b>\"]\r\n\r\n</p><p><b><strong>Ingrese el nombre...<br></strong></b></p><p>&nbsp;&nbsp; <b><strong>Ingrese la descripci\u00f3n</strong></b></p><ul><li>...<br></li>\r\n     <li>...</li>\r\n</ul>\r\n[/timeline_item]</p><p>&nbsp;[/timeline]<p></p></p>",
        "created_at": "2019-04-30T15:05:58.916Z",
        "updated_at": "2019-05-03T12:34:20.962Z"
    }
},
{
    "model": "destinations.optiontabdata",
    "pk": 2,
    "fields": {
        "name": "Mapa",
        "description": "Mapa del destino, embed de google maps donde se pueda observar el destino mediante google maps.",
        "template": "",
        "created_at": "2019-04-30T15:06:21.566Z",
        "updated_at": "2019-05-03T12:34:35.660Z"
    }
},
{
    "model": "destinations.optiontabdata",
    "pk": 3,
    "fields": {
        "name": "Reservar",
        "description": "Formulario para la reservaci\u00f3n del paquete tur\u00edstico.",
        "template": "<p>[NEXForms id=\"62\"]</p>",
        "created_at": "2019-04-30T15:06:53.751Z",
        "updated_at": "2019-04-30T15:06:53.751Z"
    }
},
{
    "model": "destinations.headersection",
    "pk": 1,
    "fields": {
        "destination": 1,
        "display_mode": "banner",
        "subtitle": "imagen de scrum",
        "image": "header/images/scrum.png",
        "parallax": true,
        "image_repeat": "repeat",
        "mask": "default"
    }
},
{
    "model": "destinations.headersection",
    "pk": 2,
    "fields": {
        "destination": 2,
        "display_mode": "banner",
        "subtitle": "asdasda",
        "image": "header/images/admin1.png",
        "parallax": true,
        "image_repeat": "repeat",
        "mask": "default"
    }
},
{
    "model": "destinations.headersection",
    "pk": 3,
    "fields": {
        "destination": 3,
        "display_mode": "banner",
        "subtitle": "name",
        "image": "header/images/gleria.png",
        "parallax": true,
        "image_repeat": "repeat",
        "mask": null
    }
},
{
    "model": "destinations.headersection",
    "pk": 4,
    "fields": {
        "destination": 4,
        "display_mode": "banner",
        "subtitle": "name",
        "image": "header/images/widgets-suit.png",
        "parallax": true,
        "image_repeat": "repeat",
        "mask": null
    }
},
{
    "model": "destinations.headersection",
    "pk": 5,
    "fields": {
        "destination": 5,
        "display_mode": "banner",
        "subtitle": "sdsda",
        "image": "",
        "parallax": true,
        "image_repeat": "repeat",
        "mask": null
    }
},
{
    "model": "destinations.headersection",
    "pk": 6,
    "fields": {
        "destination": 6,
        "display_mode": "banner",
        "subtitle": "hkjhjkhg",
        "image": "",
        "parallax": true,
        "image_repeat": "repeat",
        "mask": null
    }
},
{
    "model": "destinations.destinationdetail",
    "pk": 1,
    "fields": {
        "destination": 1,
        "var": false,
        "virtual": false,
        "descargable": false
    }
},
{
    "model": "destinations.destinationdetail",
    "pk": 2,
    "fields": {
        "destination": 2,
        "var": false,
        "virtual": false,
        "descargable": false
    }
},
{
    "model": "destinations.destinationdetail",
    "pk": 3,
    "fields": {
        "destination": 3,
        "var": false,
        "virtual": false,
        "descargable": false
    }
},
{
    "model": "destinations.destinationdetail",
    "pk": 4,
    "fields": {
        "destination": 4,
        "var": false,
        "virtual": false,
        "descargable": false
    }
},
{
    "model": "destinations.destinationdetail",
    "pk": 5,
    "fields": {
        "destination": 5,
        "var": false,
        "virtual": false,
        "descargable": false
    }
},
{
    "model": "destinations.destinationdetail",
    "pk": 6,
    "fields": {
        "destination": 6,
        "var": false,
        "virtual": false,
        "descargable": false
    }
},
{
    "model": "destinations.destinationdetail",
    "pk": 7,
    "fields": {
        "destination": 7,
        "var": false,
        "virtual": false,
        "descargable": false
    }
},
{
    "model": "destinations.generaldetail",
    "pk": 1,
    "fields": {
        "destination_detail": 1,
        "regular_price_currency": "USD",
        "regular_price": "1300.0001",
        "sale_price_currency": "USD",
        "sale_price": "1200.0001",
        "date_on_sale_from": "2019-04-05",
        "date_on_sale_to": "2019-04-24",
        "status_imp": "imponible",
        "class_imp": "estandar"
    }
},
{
    "model": "destinations.generaldetail",
    "pk": 2,
    "fields": {
        "destination_detail": 2,
        "regular_price_currency": "USD",
        "regular_price": "1520.0000",
        "sale_price_currency": "USD",
        "sale_price": "1300.0000",
        "date_on_sale_from": "2019-03-17",
        "date_on_sale_to": "2019-04-17",
        "status_imp": "imponible",
        "class_imp": "estandar"
    }
},
{
    "model": "destinations.generaldetail",
    "pk": 3,
    "fields": {
        "destination_detail": 3,
        "regular_price_currency": "USD",
        "regular_price": "100.0000",
        "sale_price_currency": "USD",
        "sale_price": "90.0000",
        "date_on_sale_from": "2019-04-01",
        "date_on_sale_to": "2019-04-23",
        "status_imp": "imponible",
        "class_imp": "estandar"
    }
},
{
    "model": "destinations.generaldetail",
    "pk": 4,
    "fields": {
        "destination_detail": 4,
        "regular_price_currency": "USD",
        "regular_price": "150.0000",
        "sale_price_currency": "USD",
        "sale_price": "100.0000",
        "date_on_sale_from": "2019-04-23",
        "date_on_sale_to": "2019-04-23",
        "status_imp": "imponible",
        "class_imp": "estandar"
    }
},
{
    "model": "destinations.generaldetail",
    "pk": 5,
    "fields": {
        "destination_detail": 5,
        "regular_price_currency": "USD",
        "regular_price": "2131.0000",
        "sale_price_currency": "USD",
        "sale_price": "12131.0000",
        "date_on_sale_from": "2019-05-21",
        "date_on_sale_to": "2019-05-21",
        "status_imp": "imponible",
        "class_imp": "estandar"
    }
},
{
    "model": "destinations.generaldetail",
    "pk": 6,
    "fields": {
        "destination_detail": 6,
        "regular_price_currency": "USD",
        "regular_price": "1513.0000",
        "sale_price_currency": "USD",
        "sale_price": "2132.0000",
        "date_on_sale_from": "2019-05-21",
        "date_on_sale_to": "2019-05-21",
        "status_imp": "imponible",
        "class_imp": "estandar"
    }
},
{
    "model": "destinations.generaldetail",
    "pk": 7,
    "fields": {
        "destination_detail": 7,
        "regular_price_currency": "USD",
        "regular_price": "1.0000",
        "sale_price_currency": "USD",
        "sale_price": "1.0000",
        "date_on_sale_from": "2019-05-21",
        "date_on_sale_to": "2019-05-21",
        "status_imp": "imponible",
        "class_imp": "estandar"
    }
},
{
    "model": "destinations.inventariodetail",
    "pk": 1,
    "fields": {
        "destination_detail": 1,
        "sku": "GT-003",
        "manager": true,
        "quantity": 8,
        "reserva": "no",
        "umb_exist": 2,
        "sold_individually": false
    }
},
{
    "model": "destinations.inventariodetail",
    "pk": 2,
    "fields": {
        "destination_detail": 2,
        "sku": "pport-1142",
        "manager": true,
        "quantity": 25,
        "reserva": "notify",
        "umb_exist": 0,
        "sold_individually": false
    }
},
{
    "model": "destinations.inventariodetail",
    "pk": 3,
    "fields": {
        "destination_detail": 3,
        "sku": "pkl-01",
        "manager": true,
        "quantity": 12,
        "reserva": "notify",
        "umb_exist": 15,
        "sold_individually": false
    }
},
{
    "model": "destinations.inventariodetail",
    "pk": 4,
    "fields": {
        "destination_detail": 4,
        "sku": "jhd-5",
        "manager": true,
        "quantity": 15,
        "reserva": "notify",
        "umb_exist": 42,
        "sold_individually": false
    }
},
{
    "model": "destinations.inventariodetail",
    "pk": 5,
    "fields": {
        "destination_detail": 5,
        "sku": "TEST-001",
        "manager": false,
        "quantity": 102,
        "reserva": "notify",
        "umb_exist": 48,
        "sold_individually": false
    }
},
{
    "model": "destinations.inventariodetail",
    "pk": 6,
    "fields": {
        "destination_detail": 6,
        "sku": "TEST-002",
        "manager": false,
        "quantity": 10,
        "reserva": "no",
        "umb_exist": 21,
        "sold_individually": false
    }
},
{
    "model": "destinations.inventariodetail",
    "pk": 7,
    "fields": {
        "destination_detail": 7,
        "sku": "TEST-003",
        "manager": false,
        "quantity": 0,
        "reserva": "no",
        "umb_exist": 0,
        "sold_individually": false
    }
},
{
    "model": "destinations.bookingdetail",
    "pk": 1,
    "fields": {
        "destination_detail": 3,
        "start_date": "2019-06-11",
        "end_date": "2019-06-12",
        "days": "0,1,2,3,4,5,6",
        "number_ticket": 1,
        "special_price_currency": "USD",
        "special_price": "1400.0000",
        "mode": "default",
        "is_active": "1"
    }
},
{
    "model": "destinations.bookingdetail",
    "pk": 2,
    "fields": {
        "destination_detail": 1,
        "start_date": "2019-06-11",
        "end_date": "2019-06-11",
        "days": "0,1,2,3,4,5,6",
        "number_ticket": 1,
        "special_price_currency": "USD",
        "special_price": "5.0500",
        "mode": "default",
        "is_active": "1"
    }
}
]
